{"stats":{"minecraft:dropped":{"minecraft:stick":1},"minecraft:killed_by":{"minecraft:skeleton":2,"minecraft:spider":1},"minecraft:used":{"minecraft:enderman_spawn_egg":1,"minecraft:ender_pearl":1,"minecraft:dirt":10,"minecraft:mutton":1,"minecraft:beef":3,"minecraft:oak_sapling":4,"minecraft:porkchop":6,"minecraft:egg":3},"minecraft:picked_up":{"minecraft:stick":11,"minecraft:copper_ingot":1,"minecraft:leather":2,"minecraft:porkchop":8,"minecraft:ink_sac":3,"minecraft:dirt":10,"minecraft:rotten_flesh":2,"minecraft:slime_ball":4,"minecraft:beef":3,"minecraft:oak_sapling":4,"minecraft:sugar_cane":4,"minecraft:mutton":1,"minecraft:white_wool":1,"minecraft:ender_pearl":1,"minecraft:egg":3},"minecraft:mined":{"minecraft:seagrass":1,"minecraft:grass":13,"minecraft:grass_block":2,"minecraft:dead_bush":2,"minecraft:dirt":7,"minecraft:sugar_cane":2,"minecraft:oak_leaves":101},"minecraft:killed":{"minecraft:sheep":1,"minecraft:pig":4,"minecraft:spider":1,"minecraft:drowned":1,"minecraft:frog":1,"minecraft:slime":4,"minecraft:squid":1,"minecraft:enderman":2,"minecraft:cow":1},"minecraft:custom":{"minecraft:time_since_rest":8807,"minecraft:sprint_one_cm":47078,"minecraft:damage_taken":950,"minecraft:walk_one_cm":94194,"minecraft:mob_kills":16,"minecraft:drop":1,"minecraft:damage_dealt":1816,"minecraft:swim_one_cm":9471,"minecraft:fly_one_cm":91053,"minecraft:crouch_one_cm":2790,"minecraft:play_time":27738,"minecraft:deaths":3,"minecraft:sneak_time":2771,"minecraft:walk_under_water_one_cm":5357,"minecraft:jump":531,"minecraft:leave_game":1,"minecraft:walk_on_water_one_cm":18221,"minecraft:time_since_death":8776,"minecraft:climb_one_cm":1352,"minecraft:total_world_time":27738,"minecraft:fall_one_cm":10690}},"DataVersion":3465}