{"stats":{"minecraft:dropped":{"minecraft:stick":1},"minecraft:killed_by":{"minecraft:spider":1},"minecraft:used":{"minecraft:mutton":1,"minecraft:beef":3,"minecraft:oak_sapling":4,"minecraft:porkchop":2,"minecraft:egg":3},"minecraft:picked_up":{"minecraft:stick":9,"minecraft:slime_ball":4,"minecraft:leather":2,"minecraft:beef":3,"minecraft:porkchop":4,"minecraft:ink_sac":3,"minecraft:oak_sapling":4,"minecraft:mutton":1,"minecraft:white_wool":1,"minecraft:egg":3},"minecraft:mined":{"minecraft:grass":5,"minecraft:oak_leaves":101},"minecraft:killed":{"minecraft:sheep":1,"minecraft:pig":2,"minecraft:slime":4,"minecraft:squid":1,"minecraft:cow":1},"minecraft:custom":{"minecraft:time_since_rest":2124,"minecraft:play_time":15010,"minecraft:sprint_one_cm":33531,"minecraft:deaths":1,"minecraft:damage_taken":385,"minecraft:walk_one_cm":60830,"minecraft:walk_under_water_one_cm":4982,"minecraft:mob_kills":9,"minecraft:drop":1,"minecraft:jump":356,"minecraft:damage_dealt":682,"minecraft:time_since_death":2080,"minecraft:walk_on_water_one_cm":11329,"minecraft:total_world_time":15010,"minecraft:climb_one_cm":377,"minecraft:swim_one_cm":9471,"minecraft:fall_one_cm":6686,"minecraft:fly_one_cm":55239}},"DataVersion":3465}